{
  "version": 6,

  "configurePresets": [
{
  "name": "default",
  "binaryDir": "${sourceDir}/build",
  "cacheVariables": {
    "CMAKE_COMPILE_WARNING_AS_ERROR": true,
    "h5fortran_BUILD_TESTING": true,
    "h5fortran_find": true,
    "h5fortran_python": true
  }
},
{
  "name": "multi", "inherits": "default",
  "displayName": "Ninja Multi-Config",
  "generator": "Ninja Multi-Config"
},
{
  "name": "nofind", "inherits": "default",
  "binaryDir": "${sourceDir}/build-nofind",
  "displayName": "don't find HDF5 or Zlib",
  "cacheVariables": {
    "h5fortran_find": false
  }
},
{
  "name": "coverage",
  "binaryDir": "${sourceDir}/build-coverage",
  "displayName": "Code Coverage",
  "description": "Build with code coverage enabled.",
  "cacheVariables": {
    "CMAKE_BUILD_TYPE": "Debug",
    "h5fortran_coverage": true
  }
}
],
"buildPresets": [
  { "name": "default", "configurePreset": "default" },
  { "name": "nofind",  "configurePreset": "nofind" },
  {
    "name": "explain",
    "configurePreset": "default",
    "nativeToolOptions": ["-d", "explain"]
  },
  {
    "name": "keep",
    "configurePreset": "default",
    "nativeToolOptions": ["-d", "keeprsp", "-d", "keepdepfile"]
  },
  {
    "name": "stats",
    "configurePreset": "default",
    "nativeToolOptions": ["-d", "stats"]
  },
  {
    "name": "release",
    "configurePreset": "multi",
    "configuration": "Release"
  },
  {
    "name": "reldebug",
    "configurePreset": "multi",
    "configuration": "RelWithDebInfo",
    "displayName": "Release with Debug Info"
  },
  {
    "name": "debug",
    "configurePreset": "multi",
    "configuration": "Debug"
  },
  {
    "name": "coverage",
    "configurePreset": "coverage"
  },
  {
    "name": "run-coverage",
    "configurePreset": "coverage",
    "targets": "coverage"
  }
],
"testPresets": [
{
  "name": "default",
  "configurePreset": "default",
  "output": {
    "outputOnFailure": true,
    "verbosity": "verbose"
  },
  "execution": {
    "noTestsAction": "error",
    "scheduleRandom": true,
    "stopOnFailure": false,
    "timeout": 60
  }
},
{ "name": "nofind", "configurePreset": "nofind", "inherits": "default" },
{
  "name": "release", "inherits": "default",
  "configurePreset": "multi",
  "configuration": "Release"
},
{
  "name": "reldebug", "inherits": "default",
  "configurePreset": "multi",
  "configuration": "RelWithDebInfo",
  "displayName": "Release with Debug Info"
},
{
  "name": "debug", "inherits": "default",
  "configurePreset": "multi",
  "configuration": "Debug"
}
],
"workflowPresets": [
  {
    "name": "default",
    "steps": [
      { "type": "configure", "name": "default" },
      { "type": "build", "name": "default" },
      { "type": "test", "name": "default" }
    ]
  },
  {
    "name": "debug",
    "steps": [
      { "type": "configure", "name": "multi" },
      { "type": "build", "name": "debug" },
      { "type": "test", "name": "debug" }
    ]
  },
  {
    "name": "release",
    "steps": [
      { "type": "configure", "name": "multi" },
      { "type": "build", "name": "release" },
      { "type": "test", "name": "release" }
    ]
  },
  {
    "name": "nofind",
    "steps": [
      { "type": "configure", "name": "nofind" },
      { "type": "build", "name": "nofind" },
      { "type": "test", "name": "nofind" }
    ]
  }
]
}
