{
    "@context": "https://doi.org/10.5063/schema/codemeta-3.0",
    "@type": "SoftwareSourceCode",
    "codeRepository": "https://github.com/geospace-code/h5fortran",
    "continuousIntegration": "https://github.com/geospace-code/h5fortran/actions",
    "downloadUrl": "https://github.com/geospace-code/h5fortran/releases",
    "issueTracker": "https://github.com/geospace-code/h5fortran/issues",
    "name": "h5fortran",
    "identifier": "10.5281/zenodo.3757269",
    "description": "Lightweight object-oriented HDF5 Fortran interface",
    "applicationCategory": "file I/O",
    "developmentStatus": "active",
    "funder": {
        "@type": "Organization",
        "name": "NASA"
    },
    "keywords": [
        "hdf5",
        "object-oriented"
    ],
    "programmingLanguage": [
        "Fortran"
    ],
    "author": [
        {
            "@type": "Organization",
            "name": "SciVision"
        }
    ]
}
